Lucas Nóbrega Sobrinho;42067092898;Antonio Ledesma Filho;401;Regente Feijó;São Paulo;(18)99718-4750
Lucas Nóbrega Sobrinho;42067092898;Antonio Ledesma Filho;401;Regente Feijó;São Paulo;(18)99718-4751
Lucas Nóbrega Sobrinho;42067092898;Antonio Ledesma Filho;401;Regente Feijó;São Paulo;(18)99718-4752
Lucas Nóbrega Sobrinho;42067092898;Antonio Ledesma Filho;401;Regente Feijó;São Paulo;(18)99718-4753
Lucas Nóbrega Sobrinho;42067092898;Antonio Ledesma Filho;401;Regente Feijó;São Paulo;(18)99718-4754
Lucas Nóbrega Sobrinho;42067092898;Antonio Ledesma Filho;401;Regente Feijó;São Paulo;(18)99718-4755
Lucas Nóbrega Sobrinho;42067092898;Antonio Ledesma Filho;401;Regente Feijó;São Paulo;(18)99718-4756
Lucas Nóbrega Sobrinho;42067092898;Antonio Ledesma Filho;401;Regente Feijó;São Paulo;(18)99718-4757
Lucas Nóbrega Sobrinho;42067092898;Antonio Ledesma Filho;401;Regente Feijó;São Paulo;(18)99718-4758
Lucas Nóbrega Sobrinho;42067092898;Antonio Ledesma Filho;401;Regente Feijó;São Paulo;(18)99718-4759
Lucas Nóbrega Sobrinho;42067092898;Antonio Ledesma Filho;401;Regente Feijó;São Paulo;(18)99718-4760
Lucas Nóbrega Sobrinho;42067092898;Antonio Ledesma Filho;401;Regente Feijó;São Paulo;(18)99718-4761
Lucas Nóbrega Sobrinho;42067092898;Antonio Ledesma Filho;401;Regente Feijó;São Paulo;(18)99718-4762
Lucas Nóbrega Sobrinho;42067092898;Antonio Ledesma Filho;401;Regente Feijó;São Paulo;(18)99718-4763
Lucas Nóbrega Sobrinho;42067092898;Antonio Ledesma Filho;401;Regente Feijó;São Paulo;(18)99718-4764
Lucas Nóbrega Sobrinho;42067092898;Antonio Ledesma Filho;401;Regente Feijó;São Paulo;(18)99718-4765
Lucas Nóbrega Sobrinho;42067092898;Antonio Ledesma Filho;401;Regente Feijó;São Paulo;(18)99718-4766
Lucas Nóbrega Sobrinho;42067092898;Antonio Ledesma Filho;401;Regente Feijó;São Paulo;(18)99718-4767
Lucas Nóbrega Sobrinho;42067092898;Antonio Ledesma Filho;401;Regente Feijó;São Paulo;(18)99718-4768
Lucas Nóbrega Sobrinho;42067092898;Antonio Ledesma Filho;401;Regente Feijó;São Paulo;(18)99718-4769
Lucas Nóbrega Sobrinho;42067092898;Antonio Ledesma Filho;401;Regente Feijó;São Paulo;(18)99718-4770
Lucas Nóbrega Sobrinho;42067092898;Antonio Ledesma Filho;401;Regente Feijó;São Paulo;(18)99718-4771
Lucas Nóbrega Sobrinho;42067092898;Antonio Ledesma Filho;401;Regente Feijó;São Paulo;(18)99718-4772
Lucas Nóbrega Sobrinho;42067092898;Antonio Ledesma Filho;401;Regente Feijó;São Paulo;(18)99718-4773
Lucas Nóbrega Sobrinho;42067092898;Antonio Ledesma Filho;401;Regente Feijó;São Paulo;(18)99718-4774
Lucas Nóbrega Sobrinho;42067092898;Antonio Ledesma Filho;401;Regente Feijó;São Paulo;(18)99718-4775
Lucas Nóbrega Sobrinho;42067092898;Antonio Ledesma Filho;401;Regente Feijó;São Paulo;(18)99718-4776
Lucas Nóbrega Sobrinho;42067092898;Antonio Ledesma Filho;401;Regente Feijó;São Paulo;(18)99718-4777
Lucas Nóbrega Sobrinho;42067092898;Antonio Ledesma Filho;401;Regente Feijó;São Paulo;(18)99718-4778